NAME,PRICE(IN AED),RATING
Elivebuyind Replacement Laptop Keyboard For Son,125.00,
Elivebuyind Replacement Laptop Keyboard HP 856,111.40,
Elivebuyind Replacement Laptop Keyboard Module,120.05,
Elivebuyind Replacement Laptop Keyboard For LG,178.20,
Elivebuyind Replacement Laptop Keyboard Module,129.60,
Generic Wireless Numeric Keypad Black,34.05,
DELL Replacement Laptop Keyboard Module For Del,433.00,
Elivebuyind Replacement English And Arabic Lapto,199.10,
DELL French/Canadian Keyboard For Dell Latitud,429.00,
Elivebuyind Replacement English Laptop Keyboard,166.80,
Elivebuyind Replacement Wireless Laptop Keyboar,112.60,
Elivebuyind Replacement Wired Laptop Keyboard F,128.15,
Generic Protective Case Cover For Apple Macboo,42.60,
Ajazz Wireless Keyboard White,165.25,
Acer Replacement Laptop Keyboard For Aspire 483,82.85,
Acer Keyboard Module For Acer 5745 Black,97.10,
Elivebuyind Replacement Laptop Keyboard Module,154.80,
Elivebuyind Replacement Laptop Keyboard For Asu,136.95,
Elivebuyind Replacement Laptop Keyboard Module,232.50,
Elivebuyind Replacement Laptop Keyboard Module,228.50,
Elivebuyind Replacement Laptop Keyboard Module,179.00,
Elivebuyind Replacement Laptop Keyboard Asus K4,149.45,
Elivebuyind Replacement Laptop Wired Keyboard -,121.65,
Elivebuyind Replacement Laptop Keyboard For Ace,136.80,
Elivebuyind Replacement Laptop Keyboard Module,119.25,
Elivebuyind Replacement Laptop Keyboard For Son,148.80,
Elivebuyind Replacement Laptop Keyboard For Ace,146.80,
Generic Wireless Keyboard For Apple iPad Pro/iPad A,40.35,
Elivebuyind Replacement Laptop Keyboard For ACE,142.80,
Elivebuyind Replacement Laptop Keyboard For ACE,128.45,
Elivebuyind Asus F80 Replacement Laptop USB,136.35,
Elivebuyind Replacement Laptop Wired Keyboard -,145.00,
Elivebuyind Replacement Laptop Keyboard For Ace,125.25,
Elivebuyind Replacement Laptop Wired Keyboard -,75.40,
Elivebuyind Replacement Laptop USB Keyboard Fo,142.80,
Elivebuyind Wired Replacement Laptop Key,142.80,
Generic Keyboard Stand Case Cover For Apple iPa,76.95,
EHOME Ultra-Slim Wireless Bluetooth Keyboard Black,37.65,
"Kaku Portable, Wireless Smart Arabic and English",49.00,
Generic Laser Projection Keyboard 7.8 x 4cm Black,218.00,
Lenovo Replacement Laptop Keyboard For Thin,249.55,
Ajazz 320i 79 Keys Wireless Ergonomic Keyb,172.30,
Generic Stand Leather Cover Case With Bluetoot,57.00,
Generic Wireless 3.0 Mini Ultra-Slim BT Keyboard Bl,30.90,
"DELL Keyboard Cover For Dell l20u, sk8165 Clear",199.00,
Generic A36 Mini Wireless Keyboard 2.4G Backlit Air,57.45,
Generic Backlit 2.4G Air Mouse Wireless Keyboar,35.00,
Generic Mini 2.4Ghz Wireless Qwerty RC-Keyb,38.00,
Ajazz C-700 Ultra-thin Wireless Keyboard,174.85,
Generic Replacement Laptop Keyboard For Tos,103.45,
AULA USB Gaming Keyboard F3010,129.95,
Elivebuyind Replacement Laptop Keyboard For Son,214.10,
"Kaku Portable, Wireless Bluetooth Keyboard 8inc",45.00,
Elivebuyind Replacement Laptop Keyboard For Sa,156.45,
Elivebuyind Replacement Laptop For Keyboard For,118.60,
hp Slim USB Keyboard Black,55.00,
Generic Detachable Keyboard Case Smart Co,88.00,
Elivebuyind SAMR530 Replacement Laptop Key,185.00,
Enet USB Keyboard K120,49.00,
Generic Bluetooth Keyboard With Protective,160.80,
Elivebuyind Replacement Laptop Keyboard For Len,136.80,
Elivebuyind Replacement Laptop Keyboard - Englis,158.40,
Ducky channel One 2 Double Shot RGB PBT Wi,500.00,
Elivebuyind Replacement Laptop Keyboard - Englis,163.20,
Elivebuyind Replacement Laptop Keyboard For Tos,238.60,
Elivebuyind Replacement Laptop Keyboard Black,133.05,
SICCOO LED Illuminated USB Wired Multimedia Ga,49.00,
Generic Replacement Laptop Keyboard For Dell,94.35,
Generic Wireless BT Keyboard Ultra-thin Mini,98.50,
Elivebuyind Replacement Laptop Keyboard For Tos,130.35,
Elivebuyind Replacement Laptop Keyboard For Tos,215.50,
Generic 61 Keys Mini Mechanical Keyboard Whi,164.00,
Generic Wireless RC-Keyboard With Touch,74.80,
Elivebuyind Replacement Laptop Keyboard For Tos,141.60,
Generic Wireless Keyboard - Arabic/English Black,53.00,
Generic USB Keyboard Black,36.95,
iMice 3-Piece Keyboard With Mouse And Mouse P,272.85,
Generic Wireless Keyboard - Arabic/English Black,49.00,
Elivebuyind Replacement Laptop Keyboard For Ace,125.95,
Generic Detachable Wireless Keyboard With S,51.75,
Sharpdo G21 Wireless Illuminate General Keybo,25.20,
Elivebuyind Replacement Laptop Keyboard For IBM,172.80,
Elivebuyind Replacement Laptop Keyboard For AS,144.90,
Generic Laptop Keyboard Replacement For Dell-11Z,68.20,
Elivebuyind Replacement Laptop,188.50,
Generic Bluetooth Keyboard For iPad/Mac/P,39.00,
Youqin Home 19 Keys Mini USB Wired Numeric Keyp,39.95,
Elivebuyind Replacement Laptop Keyboard For AS,130.80,
Generic Replacement Keyboard For Dell In,89.20,
iMice 3-Piece Keyboard With Mouse And Mousep,272.85,
Faroo USB Keyboard Black,28.00,
 Screen Protec,48.00,
Generic Wireless Backlit RC-Keyboard With Touch,54.30,
Elivebuyind Replacement Laptop Keyboard For AS,126.45,
Generic Detachable BT Keyboard Case and Elasti,129.10,
Elivebuyind Wired Replacement Laptop,176.00,
Generic Detachable Bluetooth Wireless Keybo,50.00,
Ajazz NKRO Wireless Keyboard White,166.15,
Generic 2.4G Wireless 78 Keys Ultra-Thin Portable,106.80,
Generic Portable PU Leather Wireless Keyboar,53.60,
hp Light Effect Gaming Keyboard Black,75.00,
Generic 2.4G Wireless 78 Keys Ultra-Thin Portable,101.35,
Generic Bluetooth Keyboard For iPad P,99.00,
Generic Universal Wireless Bluetooth 3.0 Keyboard F,34.90,
Generic Wireless Bluetooth Keyboard With Rugged L,72.00,
Generic BT3.0 Rechargeable Foldable K,83.30,
hp Replacement Laptop Keyboard For HP Pavilion,50.35,
Generic Internal Laptop Keyboard For Dell Inspiro,103.35,
KKmoon USB Keyboard Blue,51.00,
Generic Wireless Tablet Keyboard Silv,118.00,
iMice Wired Platinum Keyboard Mouse Combo,265.70,
Generic Mx3 Pro Wireless Remote Control For Smar,29.90,
Generic Rechargeable BT Wireless Minor Language,72.05,
Elivebuyind Replacement Laptop Keyboard - Englis,142.80,
Generic I8 Wireless Touchpad RC-Keyboard,42.00,
Generic Bluetooth Wireless Keyboard For Surface Pro,204.20,
Elivebuyind Replacement Laptop Keyboard - Englis,153.60,
Elivebuyind Replacement Laptop Keyboard For Ace,117.00,
Elivebuyind Replacement Laptop Keyboard For AS,166.80,
Elivebuyind Replacement Laptop Keyboard - Englis,119.25,
Generic Portable Slim Keys Bluetooth Keyboard Black,45.00,
Generic Ultra Slim Mini Bluetooth Wireless Keybo,33.90,
Generic USB Wired Keyboard White/Black,94.45,
Elivebuyind Replacement Laptop Keyboard For LG,155.45,
A-jazz 308I Tablet Mobile Phone Computer Househ,99.00,
Generic Ultra-Slim USB Keyboard Black,114.60,
Generic Wireless Bluetooth Keyboard For Apple iPad,95.00,
Elivebuyind Replacement Keyboard For HP Black,166.80,
Elivebuyind Replacement Laptop,224.25,
Elivebuyind Replacement Laptop Keyboard For AS,130.80,
Faroo USB Keyboard Black,75.95,
HXSJ V700 Wired RGB Streamer Gaming Keyboa,85.00,
Generic 108 Key USB Silicone Flexible Key,41.95,
Elivebuyind Replacement Laptop Keyboard For Tos,154.80,
Ducky channel Wired Mechanical Keyboard Whi,500.00,
Generic USB Keyboard Black,28.95,
Generic USB Numeric 18 Keys Mini Digital K,25.00,
Motospeed Wired Gaming Keyboard Black/Green/Bl,214.10,
Elivebuyind Replacement Laptop Keyboard For Ace,93.20,
Elivebuyind Replacement Laptop Keyboard For ACE,158.20,
Generic Bluetooth Keyboard Flip Case,86.95,
Elivebuyind Replacement Laptop Keyboard Toshiba,155.45,
Elivebuyind Replacement Laptop Keyboard Acer E1,125.50,
Elivebuyind Replacement Laptop Keyboard For ACE,130.80,
Ajazz AK35I NKRO Keyboard Black/Blue,295.65,
iMice 3-Piece Keyboard With Mouse And Mousep,228.20,
Elivebuyind Replacement Laptop Keyboard Acer D7,155.45,
Elivebuyind Replacement Laptop Keyboard For ACE,154.80,
Generic Wireless RC-Keyboard With T,58.95,
Ducky channel Wired Mechanical Keyboard Whi,525.00,
iMice 3-Piece Keyboard With Mouse And Mousep,266.40,
Elivebuyind Replacement Laptop Keyboard For Len,152.40,
Elivebuyind Replacement Laptop,133.20,
Generic Customized DIY Keyboard with LCD displa,294.50,
Elivebuyind Replacement Laptop Keyboard For HP,148.80,
Generic Detachable Wireless Keyboard,55.05,
Elivebuyind Wired Replacement Laptop Key,202.50,
Generic Wireless Backlit RC-Keyboard With Touch,70.05,
Elivebuyind Replacement Laptop Keyboard For Ace,119.70,
Elivebuyind Wired Replacement Laptop,202.50,
IMPECCA Keyboard Walnut/Black,111.65,
Elivebuyind Replacement Keyboard For Acer Black,239.65,
Standard Wired Keyboard Black,35.00,
Elivebuyind Wired Replacement Laptop,94.00,
Elivebuyind Replacement Laptop Keyboard For Hp,140.40,
Generic Dual-Mode Mechanical Keyboard Whi,237.90,
iMice 3-Piece Keyboard With Mouse And Mousep,272.85,
Generic One-handed Gaming Keyboard Bl,72.20,
Generic Bluetooth Keyboard With Protective,163.10,
Genius Luxemate Keyboard Black,166.00,
iMice 3-Piece Keyboard With Mouse And Mousep,228.20,
Meetion Waterproof Backlit Gaming Keyb,64.90,
Elivebuyind Replacement Keyboard For Acer Black,130.80,
Generic 61 Keys Mechanical Keyboard Bla,248.10,
iMice 3-Piece Keyboard With Mouse And Mousep,252.25,
Generic Replacement Backlight Keyboard,373.80,
Elivebuyind Replacement Laptop Keyboard For Son,125.25,
Generic Wireless Keyboard With Touchpad Black,226.50,
iMice 3-Piece Keyboard With Mouse And Mousep,252.25,
Generic Replacement Backlight Keyboard,373.80,
Generic USB Keyboard multicolour,58.50,
Elivebuyind Replacement Laptop Keyboard For HP 1,128.45,
iMice 3-Piece Keyboard With Mouse And Mousep,266.40,
Elivebuyind Replacement Laptop,128.40,
Meetion MEETION RED Switch RGB Backlight Me,230.00,
PROMATE EasyKey-2 Wired Multimedia Gamin,29.00,
iMice 3-Piece Keyboard With Mouse And Mousep,269.25,
Elivebuyind Replacement Keybo,83.45,
Elivebuyind Replacement Keyboard For Lenovo Bla,119.50,
Mufaens Model A2179 A2337 UK Layout Arabic,30.00,
Elivebuyind Replacement Keyboard For Toshiba Bla,153.60,
Elivebuyind Replacement Laptop,178.20,
Elivebuyind Replacement Laptop Keyboard For LG,130.80,
Elivebuyind Replacement Laptop Keyboard For Son,148.80,
KKmoon Wired Mechanical Keyboard Black,149.00,
iSkin Protective Keyboard Skin For M,14.50,
Generic Bluetooth And Wired Dual Mode Keyboa,251.50,
Elivebuyind Replacement Laptop Keyboard - Englis,242.65,
Generic K602 Gaming Keyboard Multicolour,79.30,
Elivebuyind Replacement Laptop,131.45,
Elivebuyind 3830t Replacement Wired Lapto,120.00,
Generic Replacement Laptop Keyboard For Hp-,72.95,
fashionhome 2.4Ghz Wireless Multimedia Keyb,99.00,
Elivebuyind Replacement Laptop,119.15,
Generic 78-Key Slim Portable Wireless Keyboa,30.10,
Elivebuyind Replacement Laptop Keyboard For HP,138.65,
Elivebuyind Replacement Laptop Keyboard - Englis,233.50,
Elivebuyind Replacement Laptop,126.00,
Elivebuyind Wired Replacement Laptop Key,91.75,
Generic Bluetooth 3.0 Wireless 2.4Ghz Keyboar,35.00,
Elivebuyind Replacement Laptop Keyboard For AS,142.10,
Ducky channel Wired Mechanical Keyboar,450.00,
BG Bluetooth Keyboard Holster For Apple iPad Mi,59.80,
Elivebuyind Replacement Laptop For Keyboard For,118.60,
Genius GX Scorpion K220 Night Owl Gaming Keybo,129.00,
Generic Folding Pocket-Size Wireless,73.80,
Elivebuyind Replacement Laptop Keyboard For Ace,142.80,
Generic Wireless RC-Keyboard With Touch,58.35,
Elivebuyind Replacement Laptop,153.05,
T-WOLF 35 Keys Gaming Keyboard Black,68.20,
Generic Ultra Slim Aluminium Wireless,32.20,
"Generic Keyboard for Lenovo Thinkpad T460S,",185.00,
Elivebuyind Replacement Laptop,153.05,
Elivebuyind Replacement Laptop Keyboard For Asu,117.60,
Elivebuyind Replacement Laptop,142.80,
Generic Replacement Laptop Keyboard Black,199.00,
Generic Bluetooth Keyboard White,37.80,
Elivebuyind Replacement Laptop Keyboard Module,233.50,
iSkin Protective Keyboard Skin For M,25.00,
Generic Wireless Keyboard White,99.00,
Generic Detachable Wireless Keyboard,59.80,
Pcsensor Single Foot Switch Control Keyboard,121.35,
Generic QWERTY Replacement Keybo,12.00,
Generic Keyboard Case Cover For Appl,65.30,
Ajazz AK33 NKRO Wired Keyboard Blac,144.50,
Generic Ultra Slim Wireless Bluetooth 3,85.05,
Elivebuyind Replacement Laptop,74.60,
Generic Detachable Bluetooth Wireless K,62.80,
Generic Mechanical Gaming Keyboard Bl,98.00,
Generic T201 Wireless Keyboard Folio Foldi,189.90,
Generic Keyboard With Stand Case Cov,89.80,
Generic Wireless Mini Keyboard with Touch,40.00,
Generic Air Mouse Mini Wireless Keybo,52.30,
Generic Wireless Keyboard With Touc,259.15,
Generic Wireless RC Keyboard Touchpad,55.00,
Generic Bluetooth Keyboard With Hold,35.00,
Generic Detachable Wireless Keyboard,53.95,
